{
  "ta": {
    "Select Role - FARMIO": "பங்கைத் தேர்ந்தெடுக்கவும் - FARMIO",
    "Connecting Farmers Directly to Consumers": "விவசாயிகளை நேரடியாக வாடிக்கையாளர்களுடன் இணைக்கிறது",
    "Welcome to Farmio": "Farmio-விற்கு வரவேற்கிறோம்",
    "Are you looking to sell your harvest or buy fresh produce?": "உங்கள் விளைச்சலை விற்க அல்லது புதிய காய்கறிகளை வாங்க விரும்புகிறீர்களா?",
    "I am a Farmer": "நான் ஒரு விவசாயி",
    "Verify your farm and sell locally": "உங்கள் பண்ணையை சரிபார்த்து உள்ளூரில் விற்கவும்",
    "Farmer": "விவசாயி",
    "I am a Customer": "நான் ஒரு வாடிக்கையாளர்",
    "Scan quality and find local farms": "தரத்தை ஸ்கேன் செய்து உள்ளூர் பண்ணைகளைக் கண்டறியவும்",
    "Customer": "வாடிக்கையாளர்",
    "Farmer Login": "விவசாயி உள்நுழைவு",
    "Customer Login": "வாடிக்கையாளர் உள்நுழைவு",
    "Enter Mobile Number": "மொபைல் எண்ணை உள்ளிடவும்",
    "Send OTP": "OTP ஐ அனுப்பு",
    "Enter OTP": "OTP ஐ உள்ளிடவும்",
    "Verify & Login": "சரிபார்த்து உள்நுழையவும்",
    "Farm Location & Verification": "பண்ணை இருப்பிடம் மற்றும் சரிபார்ப்பு",
    "Sync your live GPS to connect with local buyers.": "உள்ளூர் வாங்குபவர்களுடன் இணைய உங்கள் நேரடி ஜிபிஎஸ்-ஐ ஒத்திசைக்கவும்.",
    "Fetch Live GPS Coordinates": "நேரடி ஜிபிஎஸ் ஆயத்தொகுப்புகளைப் பெறுக",
    "Legal Details": "சட்ட விவரங்கள்",
    "Aadhaar Number": "ஆதார் எண்",
    "Land Patta / Chitta No.": "நில பட்டா / சிட்டா எண்",
    "Primary Land Type": "முதன்மை நில வகை",
    "Document Uploads": "ஆவண பதிவேற்றங்கள்",
    "Upload Aadhaar Copy": "ஆதார் நகலை பதிவேற்றவும்",
    "Upload Patta Document": "பட்டா ஆவணத்தை பதிவேற்றவும்",
    "Real-Time Field Photo": "நிகழ்நேர களப் புகைப்படம்",
    "Complete KYC & Start Selling": "KYC-ஐ முடித்து விற்பனையைத் தொடங்கவும்",
    "Farmio Marketplace": "Farmio சந்தை",
    "Scan for quality. Connect locally.": "தரத்தை ஸ்கேன் செய்யவும். உள்ளூரில் இணையவும்.",
    "Step 1: AI Quality Check": "படி 1: AI தரச் சரிபார்ப்பு",
    "Scan Freshness": "புத்துணர்ச்சியை ஸ்கேன் செய்யவும்",
    "Step 2: Farm Radar": "படி 2: பண்ணை ரேடார்",
    "Scan for Local Farmers": "உள்ளூர் விவசாயிகளை ஸ்கேன் செய்யவும்",
    "Farmio - Pro Farmer Verification": "ஃபார்மியோ - புரோ விவசாயி சரிபார்ப்பு",
    "Farmio Onboarding": "ஃபார்மியோ ஆன்போர்டிங்",
    "Digitize your farm and connect with buyers instantly.": "உங்கள் பண்ணையை டிஜிட்டல் மயமாக்கி வாங்குபவர்களுடன் உடனடியாக இணையுங்கள்.",
    "Enter 12-digit number": "12 இலக்க எண்ணை உள்ளிடவும்",
    "Please enter exactly 12 digits": "சரியாக 12 இலக்கங்களை உள்ளிடவும்",
    "e.g. 452/1A": "எ.கா. 452/1A",
    "Select your land category...": "உங்கள் நில வகையைத் தேர்ந்தெடுக்கவும்...",
    "Wetland (Nanjai - Irrigated)": "நஞ்செய் (பாசன வசதி)",
    "Dryland (Punjai - Rainfed)": "புஞ்செய் (மானாவாரி)",
    "Certified Organic Farm": "சான்றளிக்கப்பட்ட இயற்கை பண்ணை",
    "Greenhouse / Polyhouse": "பசுமைக்குடில் / பாலிகவுஸ்",
    "Orchard / Plantation": "பழத்தோட்டம் / தோட்டம்",
    "Clear image or PDF format": "தெளிவான படம் அல்லது PDF வடிவம்",
    "No file chosen": "எந்த கோப்பும் தேர்ந்தெடுக்கப்படவில்லை",
    "Official land ownership proof": "அதிகாரப்பூர்வ நில உரிமை சான்று",
    "Take a picture of your farm right now": "உங்கள் பண்ணையை இப்போதே படம் எடுக்கவும்",
    "Syncing with Satellites...": "செயற்கைக்கோள்களுடன் ஒத்திசைக்கப்படுகிறது...",
    "Translating GPS to Address...": "ஜிபிஎஸ்-ஐ முகவரியாக மொழிபெயர்க்கிறது...",
    "GPS Locked Successfully": "ஜிபிஎஸ் வெற்றிகரமாக பூட்டப்பட்டது",
    "GPS Failed - Click to Retry": "ஜிபிஎஸ் தோல்வியடைந்தது - மீண்டும் முயற்சிக்க கிளிக் செய்யவும்",
    "Make sure you click Allow on the location popup at the top of your browser!": "உங்கள் உலாவியின் மேற்புறத்தில் உள்ள இருப்பிடம் பாப்-அப்பில் 'அனுமதி' என்பதைக் கிளிக் செய்வதை உறுதிசெய்யவும்!",
    "Email Address": "மின்னஞ்சல் முகவரி",
    "Enter Email Address": "மின்னஞ்சல் முகவரியை உள்ளிடவும்",
    "Green Signal!": "பச்சை சிக்னல்!",
    "We found": "நாங்கள் கண்டறிந்துள்ளோம்",
    "farmers near you.": "உங்களுக்கு அருகில் உள்ள விவசாயிகள்.",
    "Free delivery is active!": "இலவச டெலிவரி செயலில் உள்ளது!",
    "Outside Zone.": "மண்டலத்திற்கு வெளியே.",
    "No verified farmers within 5km.": "5 கிமீக்குள் சரிபார்க்கப்பட்ட விவசாயிகள் யாரும் இல்லை.",
    "Standard delivery rates apply.": "நிலையான டெலிவரி கட்டணங்கள் பொருந்தும்."
  },
  "hi": {
    "Select Role - FARMIO": "भूमिका चुनें - FARMIO",
    "Connecting Farmers Directly to Consumers": "किसानों को सीधे उपभोक्ताओं से जोड़ना",
    "Welcome to Farmio": "Farmio में आपका स्वागत है",
    "Are you looking to sell your harvest or buy fresh produce?": "क्या आप अपनी फसल बेचना चाहते हैं या ताजी उपज खरीदना चाहते हैं?",
    "I am a Farmer": "मैं एक किसान हूँ",
    "Verify your farm and sell locally": "अपने खेत को सत्यापित करें और स्थानीय स्तर पर बेचें",
    "Farmer": "किसान",
    "I am a Customer": "मैं एक ग्राहक हूँ",
    "Scan quality and find local farms": "गुणवत्ता स्कैन करें और स्थानीय खेत खोजें",
    "Customer": "ग्राहक",
    "Farmer Login": "किसान लॉगिन",
    "Customer Login": "ग्राहक लॉगिन",
    "Enter Mobile Number": "मोबाइल नंबर दर्ज करें",
    "Send OTP": "OTP भेजें",
    "Enter OTP": "OTP दर्ज करें",
    "Verify & Login": "सत्यापित करें और लॉगिन करें",
    "Farm Location & Verification": "खेत का स्थान और सत्यापन",
    "Sync your live GPS to connect with local buyers.": "स्थानीय खरीदारों से जुड़ने के लिए अपने लाइव GPS को सिंक करें।",
    "Fetch Live GPS Coordinates": "लाइव GPS निर्देशांक प्राप्त करें",
    "Legal Details": "कानूनी विवरण",
    "Aadhaar Number": "आधार नंबर",
    "Land Patta / Chitta No.": "भूमि पट्टा / चिट्टा नं.",
    "Primary Land Type": "प्राथमिक भूमि प्रकार",
    "Document Uploads": "दस्तावेज़ अपलोड",
    "Upload Aadhaar Copy": "आधार कॉपी अपलोड करें",
    "Upload Patta Document": "पट्टा दस्तावेज़ अपलोड करें",
    "Real-Time Field Photo": "रियल-टाइम फील्ड फोटो",
    "Complete KYC & Start Selling": "KYC पूरा करें और बेचना शुरू करें",
    "Farmio Marketplace": "Farmio मार्केटप्लेस",
    "Scan for quality. Connect locally.": "गुणवत्ता के लिए स्कैन करें। स्थानीय स्तर पर जुड़ें।",
    "Step 1: AI Quality Check": "चरण 1: AI गुणवत्ता जांच",
    "Scan Freshness": "ताज़गी स्कैन करें",
    "Step 2: Farm Radar": "चरण 2: फार्म रडार",
    "Scan for Local Farmers": "स्थानीय किसानों के लिए स्कैन करें",
    "Farmio - Pro Farmer Verification": "Farmio - प्रो किसान सत्यापन",
    "Farmio Onboarding": "Farmio ऑनबोर्डिंग",
    "Digitize your farm and connect with buyers instantly.": "अपने खेत को डिजिटाइज़ करें और खरीदारों से तुरंत जुड़ें।",
    "Enter 12-digit number": "12 अंकों का नंबर दर्ज करें",
    "Please enter exactly 12 digits": "कृपया ठीक 12 अंक दर्ज करें",
    "e.g. 452/1A": "उदा. 452/1A",
    "Select your land category...": "अपनी भूमि श्रेणी चुनें...",
    "Wetland (Nanjai - Irrigated)": "आर्द्रभूमि (सिंचित)",
    "Dryland (Punjai - Rainfed)": "शुष्क भूमि (वर्षा आधारित)",
    "Certified Organic Farm": "प्रमाणित जैविक खेत",
    "Greenhouse / Polyhouse": "ग्रीनहाउस / पॉलीहाउस",
    "Orchard / Plantation": "बाग / वृक्षारोपण",
    "Clear image or PDF format": "स्पष्ट छवि या पीडीएफ प्रारूप",
    "No file chosen": "कोई फ़ाइल नहीं चुनी गई",
    "Official land ownership proof": "आधिकारिक भूमि स्वामित्व प्रमाण",
    "Take a picture of your farm right now": "अभी अपने खेत की तस्वीर लें",
    "Syncing with Satellites...": "उपग्रहों के साथ सिंक हो रहा है...",
    "Translating GPS to Address...": "जीपीएस को पते में बदल रहा है...",
    "GPS Locked Successfully": "जीपीएस सफलतापूर्वक लॉक हो गया",
    "GPS Failed - Click to Retry": "जीपीएस विफल - पुनः प्रयास करने के लिए क्लिक करें",
    "Make sure you click Allow on the location popup at the top of your browser!": "सुनिश्चित करें कि आप अपने ब्राउज़र के शीर्ष पर स्थान पॉपअप पर 'अनुमति दें' पर क्लिक करें!",
    "Email Address": "ईमेल पता",
    "Enter Email Address": "ईमेल पता दर्ज करें",
    "Green Signal!": "हरी झंडी!",
    "We found": "हमें मिले",
    "farmers near you.": "आपके आस-पास के किसान।",
    "Free delivery is active!": "मुफ़्त डिलीवरी सक्रिय है!",
    "Outside Zone.": "क्षेत्र के बाहर।",
    "No verified farmers within 5km.": "5 किमी के भीतर कोई सत्यापित किसान नहीं।",
    "Standard delivery rates apply.": "मानक डिलीवरी दरें लागू होंगी।"
  },
  "te": {
    "Select Role - FARMIO": "పాత్రను ఎంచుకోండి - FARMIO",
    "Connecting Farmers Directly to Consumers": "రైతులను నేరుగా వినియోగదారులతో అనుసంధానించడం",
    "Welcome to Farmio": "Farmio కు స్వాగతం",
    "Are you looking to sell your harvest or buy fresh produce?": "మీరు మీ పంటను విక్రయించాలనుకుంటున్నారా లేదా తాజా కూరగాయలను కొనుగోలు చేయాలనుకుంటున్నారా?",
    "I am a Farmer": "నేను ఒక రైతుని",
    "Verify your farm and sell locally": "మీ పొలాన్ని ధృవీకరించండి మరియు స్థానికంగా విక్రయించండి",
    "Farmer": "రైతు",
    "I am a Customer": "నేను ఒక కస్టమర్ని",
    "Scan quality and find local farms": "నాణ్యతను స్కాన్ చేయండి మరియు స్థానిక పొలాలను కనుగొనండి",
    "Customer": "కస్టమర్",
    "Farmer Login": "రైతు లాగిన్",
    "Customer Login": "కస్టమర్ లాగిన్",
    "Enter Mobile Number": "మొబైల్ నంబర్‌ను నమోదు చేయండి",
    "Send OTP": "OTP పంపండి",
    "Enter OTP": "OTP నమోదు చేయండి",
    "Verify & Login": "ధృవీకరించి లాగిన్ అవ్వండి",
    "Farm Location & Verification": "పొలం స్థానం & ధృవీకరణ",
    "Sync your live GPS to connect with local buyers.": "స్థానిక కొనుగోలుదారులతో కనెక్ట్ అవ్వడానికి మీ లైవ్ GPS ని సమకాలీకరించండి.",
    "Fetch Live GPS Coordinates": "లైవ్ GPS కోఆర్డినేట్‌లను పొందండి",
    "Legal Details": "చట్టపరమైన వివరాలు",
    "Aadhaar Number": "ఆధార్ నంబర్",
    "Land Patta / Chitta No.": "భూమి పట్టా / చిట్టా నం.",
    "Primary Land Type": "ప్రాథమిక భూమి రకం",
    "Document Uploads": "పత్రాల అప్‌లోడ్‌లు",
    "Upload Aadhaar Copy": "ఆధార్ కాపీని అప్‌లోడ్ చేయండి",
    "Upload Patta Document": "పట్టా పత్రాన్ని అప్‌లోడ్ చేయండి",
    "Real-Time Field Photo": "రియల్-టైమ్ ఫీల్డ్ ఫోటో",
    "Complete KYC & Start Selling": "KYC పూర్తి చేసి అమ్మకం ప్రారంభించండి",
    "Farmio Marketplace": "Farmio మార్కెట్ ప్లేస్",
    "Scan for quality. Connect locally.": "నాణ్యత కోసం స్కాన్ చేయండి. స్థానికంగా కనెక్ట్ అవ్వండి.",
    "Step 1: AI Quality Check": "దశ 1: AI నాణ్యత తనిఖీ",
    "Scan Freshness": "తాజాదనాన్ని స్కాన్ చేయండి",
    "Step 2: Farm Radar": "దశ 2: ఫార్మ్ రాడార్",
    "Scan for Local Farmers": "స్థానిక రైతుల కోసం స్కాన్ చేయండి",
    "Farmio - Pro Farmer Verification": "ఫార్మియో - ప్రో రైతు ధృవీకరణ",
    "Farmio Onboarding": "ఫార్మియో ఆన్‌బోర్డింగ్",
    "Digitize your farm and connect with buyers instantly.": "మీ పొలాన్ని డిజిటలైజ్ చేయండి మరియు కొనుగోలుదారులతో తక్షణమే కనెక్ట్ అవ్వండి.",
    "Enter 12-digit number": "12-అంకెల సంఖ్యను నమోదు చేయండి",
    "Please enter exactly 12 digits": "దయచేసి సరిగ్గా 12 అంకెలను నమోదు చేయండి",
    "e.g. 452/1A": "ఉదా. 452/1A",
    "Select your land category...": "మీ భూమి వర్గాన్ని ఎంచుకోండి...",
    "Wetland (Nanjai - Irrigated)": "చిత్తడి నేల (నీటిపారుదల)",
    "Dryland (Punjai - Rainfed)": "మెట్ట భూమి (వర్షాధార)",
    "Certified Organic Farm": "ధృవీకరించబడిన సేంద్రీయ వ్యవసాయం",
    "Greenhouse / Polyhouse": "గ్రీన్‌హౌస్ / పాలీహౌస్",
    "Orchard / Plantation": "పండ్ల తోట / తోట",
    "Clear image or PDF format": "స్పష్టమైన చిత్రం లేదా PDF ఆకృతి",
    "No file chosen": "ఏ ఫైల్ ఎంచుకోబడలేదు",
    "Official land ownership proof": "అధికారిక భూమి యాజమాన్య రుజువు",
    "Take a picture of your farm right now": "ఇప్పుడే మీ పొలం చిత్రాన్ని తీయండి",
    "Syncing with Satellites...": "ఉపగ్రహాలతో సమకాలీకరించబడుతోంది...",
    "Translating GPS to Address...": "GPSని చిరునామాగా అనువదించడం...",
    "GPS Locked Successfully": "GPS విజయవంతంగా లాక్ చేయబడింది",
    "GPS Failed - Click to Retry": "GPS విఫలమైంది - మళ్లీ ప్రయత్నించడానికి క్లిక్ చేయండి",
    "Make sure you click Allow on the location popup at the top of your browser!": "మీ బ్రౌజర్ ఎగువన ఉన్న స్థాన పాప్‌అప్‌లో 'అనుమతించు' క్లిక్ చేసినట్లు నిర్ధారించుకోండి!",
    "Email Address": "ఇమెయిల్ చిరునామా",
    "Enter Email Address": "ఇమెయిల్ చిరునామాను నమోదు చేయండి",
    "Green Signal!": "గ్రీన్ సిగ్నల్!",
    "We found": "మేము కనుగొన్నాము",
    "farmers near you.": "మీ దగ్గర రైతులు.",
    "Free delivery is active!": "ఉచిత డెలివరీ సక్రియంగా ఉంది!",
    "Outside Zone.": "జోన్ వెలుపల.",
    "No verified farmers within 5km.": "5 కి.మీ లోపు ధృవీకరించబడిన రైతులు లేరు.",
    "Standard delivery rates apply.": "ప్రామాణిక డెలివరీ ఛార్జీలు వర్తిస్తాయి."
  },
  "ml": {
    "Select Role - FARMIO": "റോൾ തിരഞ്ഞെടുക്കുക - FARMIO",
    "Connecting Farmers Directly to Consumers": "കർഷകരെ നേരിട്ട് ഉപഭോക്താക്കളുമായി ബന്ധിപ്പിക്കുന്നു",
    "Welcome to Farmio": "Farmio-ലേക്ക് സ്വാഗതം",
    "Are you looking to sell your harvest or buy fresh produce?": "നിങ്ങളുടെ വിളവെടുപ്പ് വിൽക്കാനോ പുതിയ ഉൽപ്പന്നങ്ങൾ വാങ്ങാനോ നിങ്ങൾ ആഗ്രഹിക്കുന്നുണ്ടോ?",
    "I am a Farmer": "ഞാൻ ഒരു കർഷകനാണ്",
    "Verify your farm and sell locally": "നിങ്ങളുടെ ഫാം പരിശോധിച്ച് പ്രാദേശികമായി വിൽക്കുക",
    "Farmer": "കർഷകൻ",
    "I am a Customer": "ഞാൻ ഒരു ഉപഭോക്താവാണ്",
    "Scan quality and find local farms": "ഗുണനിലവാരം സ്കാൻ ചെയ്ത് പ്രാദേശിക ഫാമുകൾ കണ്ടെത്തുക",
    "Customer": "ഉപഭോക്താവ്",
    "Farmer Login": "കർഷക ലോഗിൻ",
    "Customer Login": "ഉപഭോക്തൃ ലോഗിൻ",
    "Enter Mobile Number": "മൊബൈൽ നമ്പർ നൽകുക",
    "Send OTP": "OTP അയയ്ക്കുക",
    "Enter OTP": "OTP നൽകുക",
    "Verify & Login": "പരിശോധിച്ച് ലോഗിൻ ചെയ്യുക",
    "Farm Location & Verification": "ഫാം ലൊക്കേഷനും പരിശോധനയും",
    "Sync your live GPS to connect with local buyers.": "പ്രാദേശിക വാങ്ങലുകാരുമായി കണക്റ്റുചെയ്യുന്നതിന് നിങ്ങളുടെ തത്സമയ GPS സമന്വയിപ്പിക്കുക.",
    "Fetch Live GPS Coordinates": "തത്സമയ GPS കോർഡിനേറ്റുകൾ നേടുക",
    "Legal Details": "നിയമപരമായ വിവരങ്ങൾ",
    "Aadhaar Number": "ആധാർ നമ്പർ",
    "Land Patta / Chitta No.": "ഭൂമി പട്ടയം / ചിട്ട നമ്പർ",
    "Primary Land Type": "പ്രാഥമിക ഭൂമി തരം",
    "Document Uploads": "രേഖകൾ അപ്‌ലോഡ് ചെയ്യുക",
    "Upload Aadhaar Copy": "ആധാർ കോപ്പി അപ്‌ലോഡ് ചെയ്യുക",
    "Upload Patta Document": "പട്ടയം രേഖ അപ്‌ലോഡ് ചെയ്യുക",
    "Real-Time Field Photo": "തത്സമയ ഫീൽഡ് ഫോട്ടോ",
    "Complete KYC & Start Selling": "KYC പൂർത്തിയാക്കി വിൽപ്പന ആരംഭിക്കുക",
    "Farmio Marketplace": "Farmio മാർക്കറ്റ്പ്ലേസ്",
    "Scan for quality. Connect locally.": "ഗുണനിലവാരത്തിനായി സ്കാൻ ചെയ്യുക. പ്രാദേശികമായി ബന്ധിപ്പിക്കുക.",
    "Step 1: AI Quality Check": "ഘട്ടം 1: AI ഗുണനിലവാര പരിശോധന",
    "Scan Freshness": "പുതുമ സ്കാൻ ചെയ്യുക",
    "Step 2: Farm Radar": "ഘട്ടം 2: ഫാം റഡാർ",
    "Scan for Local Farmers": "പ്രാദേശിക കർഷകർക്കായി സ്കാൻ ചെയ്യുക",
    "Farmio - Pro Farmer Verification": "Farmio - പ്രോ ഫാർമർ വെരിഫിക്കേഷൻ",
    "Farmio Onboarding": "Farmio ഓൺബോർഡിംഗ്",
    "Digitize your farm and connect with buyers instantly.": "നിങ്ങളുടെ ഫാം ഡിജിറ്റൈസ് ചെയ്ത് ഉപഭോക്താക്കളുമായി തൽക്ഷണം ബന്ധപ്പെടുക.",
    "Enter 12-digit number": "12 അക്ക നമ്പർ നൽകുക",
    "Please enter exactly 12 digits": "കൃത്യം 12 അക്കങ്ങൾ നൽകുക",
    "e.g. 452/1A": "ഉദാ. 452/1A",
    "Select your land category...": "നിങ്ങളുടെ ഭൂമിയുടെ വിഭാഗം തിരഞ്ഞെടുക്കുക...",
    "Wetland (Nanjai - Irrigated)": "തണ്ണീർത്തടം (ജലസേചനം)",
    "Dryland (Punjai - Rainfed)": "വരണ്ട ഭൂമി (മഴയെ ആശ്രയിക്കുന്ന)",
    "Certified Organic Farm": "സാക്ഷ്യപ്പെടുത്തിയ ഓർഗാനിക് ഫാം",
    "Greenhouse / Polyhouse": "ഗ്രീൻഹൗസ് / പോളിഹൗസ്",
    "Orchard / Plantation": "പഴത്തോട്ടം / തോട്ടം",
    "Clear image or PDF format": "വ്യക്തമായ ചിത്രം അല്ലെങ്കിൽ PDF ഫോർമാറ്റ്",
    "No file chosen": "ഫയലൊന്നും തിരഞ്ഞെടുത്തിട്ടില്ല",
    "Official land ownership proof": "ഔദ്യോഗിക ഭൂമി ഉടമസ്ഥാവകാശ രേഖ",
    "Take a picture of your farm right now": "നിങ്ങളുടെ ഫാമിന്റെ ഒരു ചിത്രം ഇപ്പോൾ എടുക്കുക",
    "Syncing with Satellites...": "സാറ്റലൈറ്റുകളുമായി സമന്വയിപ്പിക്കുന്നു...",
    "Translating GPS to Address...": "GPS വിലാസത്തിലേക്ക് വിവർത്തനം ചെയ്യുന്നു...",
    "GPS Locked Successfully": "GPS വിജയകരമായി ലോക്ക് ചെയ്തു",
    "GPS Failed - Click to Retry": "GPS പരാജയപ്പെട്ടു - വീണ്ടും ശ്രമിക്കാൻ ക്ലിക്കുചെയ്യുക",
    "Make sure you click Allow on the location popup at the top of your browser!": "നിങ്ങളുടെ ബ്രൗസറിൻ്റെ മുകളിലുള്ള ലൊക്കേഷൻ പോപ്പപ്പിൽ 'അനുവദിക്കുക' ക്ലിക്ക് ചെയ്യുന്നുവെന്ന് ഉറപ്പാക്കുക!",
    "Email Address": "ഇമെയിൽ വിലാസം",
    "Enter Email Address": "ഇമെയിൽ വിലാസം നൽകുക",
    "Green Signal!": "ഗ്രീൻ സിഗ്നൽ!",
    "We found": "ഞങ്ങൾ കണ്ടെത്തി",
    "farmers near you.": "നിങ്ങളുടെ അടുത്തുള്ള കർഷകർ.",
    "Free delivery is active!": "സൗജന്യ ഡെലിവറി സജീവമാണ്!",
    "Outside Zone.": "സോണിന് പുറത്ത്.",
    "No verified farmers within 5km.": "5 കിലോമീറ്ററിനുള്ളിൽ പരിശോധിച്ച കർഷകരില്ല.",
    "Standard delivery rates apply.": "സാധാരണ ഡെലിവറി നിരക്കുകൾ ബാധകമാണ്."
  },
  "kn": {
    "Select Role - FARMIO": "ಪಾತ್ರವನ್ನು ಆಯ್ಕೆಮಾಡಿ - FARMIO",
    "Connecting Farmers Directly to Consumers": "ರೈತರನ್ನು ನೇರವಾಗಿ ಗ್ರಾಹಕರಿಗೆ ಸಂಪರ್ಕಿಸಲಾಗುತ್ತಿದೆ",
    "Welcome to Farmio": "Farmio ಗೆ ಸುಸ್ವಾಗತ",
    "Are you looking to sell your harvest or buy fresh produce?": "ನಿಮ್ಮ ಸುಗ್ಗಿಯನ್ನು ಮಾರಾಟ ಮಾಡಲು ಅಥವಾ ತಾಜಾ ಉತ್ಪನ್ನಗಳನ್ನು ಖರೀದಿಸಲು ನೀವು ನೋಡುತ್ತಿರುವಿರಾ?",
    "I am a Farmer": "ನಾನು ರೈತ",
    "Verify your farm and sell locally": "ನಿಮ್ಮ ಜಮೀನನ್ನು ಪರಿಶೀಲಿಸಿ ಮತ್ತು ಸ್ಥಳೀಯವಾಗಿ ಮಾರಾಟ ಮಾಡಿ",
    "Farmer": "ರೈತ",
    "I am a Customer": "ನಾನು ಗ್ರಾಹಕ",
    "Scan quality and find local farms": "ಗುಣಮಟ್ಟವನ್ನು ಸ್ಕ್ಯಾನ್ ಮಾಡಿ ಮತ್ತು ಸ್ಥಳೀಯ ಫಾರ್ಮ್‌ಗಳನ್ನು ಹುಡುಕಿ",
    "Customer": "ಗ್ರಾಹಕ",
    "Farmer Login": "ರೈತ ಲಾಗಿನ್",
    "Customer Login": "ಗ್ರಾಹಕ ಲಾಗಿನ್",
    "Enter Mobile Number": "ಮೊಬೈಲ್ ಸಂಖ್ಯೆಯನ್ನು ನಮೂದಿಸಿ",
    "Send OTP": "OTP ಕಳುಹಿಸಿ",
    "Enter OTP": "OTP ನಮೂದಿಸಿ",
    "Verify & Login": "ಪರಿಶೀಲಿಸಿ ಮತ್ತು ಲಾಗಿನ್ ಮಾಡಿ",
    "Farm Location & Verification": "ಫಾರ್ಮ್ ಸ್ಥಳ ಮತ್ತು ಪರಿಶೀಲನೆ",
    "Sync your live GPS to connect with local buyers.": "ಸ್ಥಳೀಯ ಖರೀದಿದಾರರೊಂದಿಗೆ ಸಂಪರ್ಕ ಸಾಧಿಸಲು ನಿಮ್ಮ ಲೈವ್ ಜಿಪಿಎಸ್ ಅನ್ನು ಸಿಂಕ್ ಮಾಡಿ.",
    "Fetch Live GPS Coordinates": "ಲೈವ್ ಜಿಪಿಎಸ್ ನಿರ್ದೇಶಾಂಕಗಳನ್ನು ಪಡೆಯಿರಿ",
    "Legal Details": "ಕಾನೂನು ವಿವರಗಳು",
    "Aadhaar Number": "ಆಧಾರ್ ಸಂಖ್ಯೆ",
    "Land Patta / Chitta No.": "ಭೂಮಿ ಪಟ್ಟಾ / ಚಿತ್ತಾ ಸಂಖ್ಯೆ",
    "Primary Land Type": "ಪ್ರಾಥಮಿಕ ಭೂಮಿ ಪ್ರಕಾರ",
    "Document Uploads": "ಡಾಕ್ಯುಮೆಂಟ್ ಅಪ್‌ಲೋಡ್‌ಗಳು",
    "Upload Aadhaar Copy": "ಆಧಾರ್ ಪ್ರತಿಯನ್ನು ಅಪ್‌ಲೋಡ್ ಮಾಡಿ",
    "Upload Patta Document": "ಪಟ್ಟಾ ಡಾಕ್ಯುಮೆಂಟ್ ಅಪ್‌ಲೋಡ್ ಮಾಡಿ",
    "Real-Time Field Photo": "ರಿಯಲ್-ಟೈಮ್ ಫೀಲ್ಡ್ ಫೋಟೋ",
    "Complete KYC & Start Selling": "KYC ಪೂರ್ಣಗೊಳಿಸಿ ಮತ್ತು ಮಾರಾಟವನ್ನು ಪ್ರಾರಂಭಿಸಿ",
    "Farmio Marketplace": "ಫಾರ್ಮಿಯೊ ಮಾರುಕಟ್ಟೆ",
    "Scan for quality. Connect locally.": "ಗುಣಮಟ್ಟಕ್ಕಾಗಿ ಸ್ಕ್ಯಾನ್ ಮಾಡಿ. ಸ್ಥಳೀಯವಾಗಿ ಸಂಪರ್ಕಿಸಿ.",
    "Step 1: AI Quality Check": "ಹಂತ 1: AI ಗುಣಮಟ್ಟ ಪರಿಶೀಲನೆ",
    "Scan Freshness": "ತಾಜಾತನವನ್ನು ಸ್ಕ್ಯಾನ್ ಮಾಡಿ",
    "Step 2: Farm Radar": "ಹಂತ 2: ಫಾರ್ಮ್ ರಾಡಾರ್",
    "Scan for Local Farmers": "ಸ್ಥಳೀಯ ರೈತರಿಗಾಗಿ ಸ್ಕ್ಯಾನ್ ಮಾಡಿ",
    "Farmio - Pro Farmer Verification": "ಫಾರ್ಮಿಯೊ - ಪ್ರೊ ರೈತರ ಪರಿಶೀಲನೆ",
    "Farmio Onboarding": "ಫಾರ್ಮಿಯೊ ಆನ್‌ಬೋರ್ಡಿಂಗ್",
    "Digitize your farm and connect with buyers instantly.": "ನಿಮ್ಮ ಜಮೀನನ್ನು ಡಿಜಿಟೈಜ್ ಮಾಡಿ ಮತ್ತು ಖರೀದಿದಾರರೊಂದಿಗೆ ತ್ವರಿತವಾಗಿ ಸಂಪರ್ಕ ಸಾಧಿಸಿ.",
    "Enter 12-digit number": "12-ಅಂಕಿಯ ಸಂಖ್ಯೆಯನ್ನು ನಮೂದಿಸಿ",
    "Please enter exactly 12 digits": "ದಯವಿಟ್ಟು ನಿಖರವಾಗಿ 12 ಅಂಕೆಗಳನ್ನು ನಮೂದಿಸಿ",
    "e.g. 452/1A": "ಉದಾ. 452/1A",
    "Select your land category...": "ನಿಮ್ಮ ಭೂಮಿ ವರ್ಗವನ್ನು ಆಯ್ಕೆಮಾಡಿ...",
    "Wetland (Nanjai - Irrigated)": "ಆರ್ದ್ರಭೂಮಿ (ನೀರಾವರಿ)",
    "Dryland (Punjai - Rainfed)": "ಒಣಭೂಮಿ (ಮಳೆಯಾಶ್ರಿತ)",
    "Certified Organic Farm": "ಪ್ರಮಾಣೀಕೃತ ಸಾವಯವ ಫಾರ್ಮ್",
    "Greenhouse / Polyhouse": "ಹಸಿರುಮನೆ / ಪಾಲಿಹೌಸ್",
    "Orchard / Plantation": "ಹಣ್ಣಿನ ತೋಟ / ನೆಡುತೋಪು",
    "Clear image or PDF format": "ಚಿತ್ರ ಅಥವಾ PDF ಫಾರ್ಮ್ಯಾಟ್",
    "No file chosen": "ಯಾವುದೇ ಫೈಲ್ ಆಯ್ಕೆ ಮಾಡಿಲ್ಲ",
    "Official land ownership proof": "ಅಧಿಕೃತ ಭೂಮಿ ಮಾಲೀಕತ್ವದ ಪುರಾವೆ",
    "Take a picture of your farm right now": "ಇದೀಗ ನಿಮ್ಮ ಜಮೀನಿನ ಚಿತ್ರವನ್ನು ತೆಗೆದುಕೊಳ್ಳಿ",
    "Syncing with Satellites...": "ಉಪಗ್ರಹಗಳೊಂದಿಗೆ ಸಿಂಕ್ ಮಾಡಲಾಗುತ್ತಿದೆ...",
    "Translating GPS to Address...": "ಜಿಪಿಎಸ್ ಅನ್ನು ವಿಳಾಸಕ್ಕೆ ಭಾಷಾಂತರಿಸಲಾಗುತ್ತಿದೆ...",
    "GPS Locked Successfully": "ಜಿಪಿಎಸ್ ಯಶಸ್ವಿಯಾಗಿ ಲಾಕ್ ಆಗಿದೆ",
    "GPS Failed - Click to Retry": "ಜಿಪಿಎಸ್ ವಿಫಲವಾಗಿದೆ - ಮರುಪ್ರಯತ್ನಿಸಲು ಕ್ಲಿಕ್ ಮಾಡಿ",
    "Make sure you click Allow on the location popup at the top of your browser!": "ನಿಮ್ಮ ಬ್ರೌಸರ್‌ನ ಮೇಲ್ಭಾಗದಲ್ಲಿರುವ ಸ್ಥಳ ಪಾಪ್ಅಪ್‌ನಲ್ಲಿ 'ಅನುಮತಿಸು' ಕ್ಲಿಕ್ ಮಾಡಿ ಎಂದು ಖಚಿತಪಡಿಸಿಕೊಳ್ಳಿ!",
    "Email Address": "ಇಮೇಲ್ ವಿಳಾಸ",
    "Enter Email Address": "ಇಮೇಲ್ ವಿಳಾಸವನ್ನು ನಮೂದಿಸಿ",
    "Green Signal!": "ಹಸಿರು ಸಂಕೇತ!",
    "We found": "ನಾವು ಕಂಡುಕೊಂಡೆವು",
    "farmers near you.": "ನಿಮ್ಮ ಹತ್ತಿರವಿರುವ ರೈತರು.",
    "Free delivery is active!": "ಉಚಿತ ವಿತರಣೆ ಸಕ್ರಿಯವಾಗಿದೆ!",
    "Outside Zone.": "ವಲಯದ ಹೊರಗೆ.",
    "No verified farmers within 5km.": "5km ಒಳಗೆ ಪರಿಶೀಲಿಸಿದ ರೈತರಿಲ್ಲ.",
    "Standard delivery rates apply.": "ಪ್ರಮಾಣಿತ ವಿತರಣಾ ದರಗಳು ಅನ್ವಯಿಸುತ್ತವೆ."
  },
  "mr": {
    "Select Role - FARMIO": "भूमिका निवडा - FARMIO",
    "Connecting Farmers Directly to Consumers": "शेतकऱ्यांना थेट ग्राहकांशी जोडत आहे",
    "Welcome to Farmio": "Farmio मध्ये आपले स्वागत आहे",
    "Are you looking to sell your harvest or buy fresh produce?": "तुम्ही तुमचे पीक विकू इच्छिता की ताजे उत्पादन खरेदी करू इच्छिता?",
    "I am a Farmer": "मी शेतकरी आहे",
    "Verify your farm and sell locally": "तुमच्या शेताची पडताळणी करा आणि स्थानिक पातळीवर विक्री करा",
    "Farmer": "शेतकरी",
    "I am a Customer": "मी ग्राहक आहे",
    "Scan quality and find local farms": "गुणवत्ता स्कॅन करा आणि स्थानिक शेत शोधा",
    "Customer": "ग्राहक",
    "Farmer Login": "शेतकरी लॉगिन",
    "Customer Login": "ग्राहक लॉगिन",
    "Enter Mobile Number": "मोबाईल नंबर टाका",
    "Send OTP": "OTP पाठवा",
    "Enter OTP": "OTP टाका",
    "Verify & Login": "पडताळणी करा आणि लॉगिन करा",
    "Farm Location & Verification": "शेतीचे ठिकाण आणि पडताळणी",
    "Sync your live GPS to connect with local buyers.": "स्थानिक खरेदीदारांशी कनेक्ट होण्यासाठी तुमचे थेट GPS सिंक करा.",
    "Fetch Live GPS Coordinates": "थेट GPS निर्देशांक मिळवा",
    "Legal Details": "कायदेशीर तपशील",
    "Aadhaar Number": "आधार क्रमांक",
    "Land Patta / Chitta No.": "जमीन पट्टा / चित्ता क्र.",
    "Primary Land Type": "प्राथमिक जमिनीचा प्रकार",
    "Document Uploads": "कागदपत्र अपलोड",
    "Upload Aadhaar Copy": "आधार प्रत अपलोड करा",
    "Upload Patta Document": "पट्टा दस्तऐवज अपलोड करा",
    "Real-Time Field Photo": "रिअल-टाइम फील्ड फोटो",
    "Complete KYC & Start Selling": "KYC पूर्ण करा आणि विक्री सुरू करा",
    "Farmio Marketplace": "Farmio मार्केटप्लेस",
    "Scan for quality. Connect locally.": "गुणवत्तेसाठी स्कॅन करा. स्थानिक पातळीवर कनेक्ट व्हा.",
    "Step 1: AI Quality Check": "पायरी 1: AI गुणवत्ता तपासणी",
    "Scan Freshness": "ताजेपणा स्कॅन करा",
    "Step 2: Farm Radar": "पायरी 2: फार्म रडार",
    "Scan for Local Farmers": "स्थानिक शेतकऱ्यांसाठी स्कॅन करा",
    "Farmio - Pro Farmer Verification": "Farmio - प्रो शेतकरी पडताळणी",
    "Farmio Onboarding": "Farmio ऑनबोर्डिंग",
    "Digitize your farm and connect with buyers instantly.": "तुमच्या शेताचे डिजिटायझेशन करा आणि खरेदीदारांशी त्वरित कनेक्ट व्हा.",
    "Enter 12-digit number": "१२ अंकी क्रमांक टाका",
    "Please enter exactly 12 digits": "कृपया अचूक 12 अंक प्रविष्ट करा",
    "e.g. 452/1A": "उदा. ४५२/१ए",
    "Select your land category...": "तुमची जमीन श्रेणी निवडा...",
    "Wetland (Nanjai - Irrigated)": "पाणथळ जमीन (बागायती)",
    "Dryland (Punjai - Rainfed)": "कोरडवाहू (जिरायती)",
    "Certified Organic Farm": "प्रमाणित सेंद्रिय शेती",
    "Greenhouse / Polyhouse": "ग्रीनहाऊस / पॉलीहाऊस",
    "Orchard / Plantation": "फळबाग / वृक्षारोपण",
    "Clear image or PDF format": "स्पष्ट प्रतिमा किंवा पीडीएफ स्वरूप",
    "No file chosen": "कोणतीही फाईल निवडली नाही",
    "Official land ownership proof": "अधिकृत जमीन मालकीचा पुरावा",
    "Take a picture of your farm right now": "आत्ता तुमच्या शेताचा फोटो काढा",
    "Syncing with Satellites...": "उपग्रहांसह सिंक करत आहे...",
    "Translating GPS to Address...": "GPS चे पत्त्यामध्ये भाषांतर करत आहे...",
    "GPS Locked Successfully": "जीपीएस यशस्वीरित्या लॉक केले",
    "GPS Failed - Click to Retry": "GPS अयशस्वी - पुन्हा प्रयत्न करण्यासाठी क्लिक करा",
    "Make sure you click Allow on the location popup at the top of your browser!": "तुम्ही तुमच्या ब्राउझरच्या शीर्षस्थानी असलेल्या स्थान पॉपअपवर 'अनुमती द्या' क्लिक करत असल्याची खात्री करा!",
    "Email Address": "ईमेल पत्ता",
    "Enter Email Address": "ईमेल पत्ता प्रविष्ट करा",
    "Green Signal!": "हिरवा सिग्नल!",
    "We found": "आम्हाला आढळले",
    "farmers near you.": "तुमच्या जवळील शेतकरी.",
    "Free delivery is active!": "मोफत वितरण सक्रिय आहे!",
    "Outside Zone.": "झोनच्या बाहेर.",
    "No verified farmers within 5km.": "5 किमीच्या आत कोणतेही सत्यापित शेतकरी नाहीत.",
    "Standard delivery rates apply.": "प्रमाणित वितरण दर लागू."
  },
  "bn": {
    "Select Role - FARMIO": "ভূমিকা নির্বাচন করুন - FARMIO",
    "Connecting Farmers Directly to Consumers": "কৃষকদের সরাসরি ভোক্তাদের সাথে সংযুক্ত করা",
    "Welcome to Farmio": "Farmio তে স্বাগতম",
    "Are you looking to sell your harvest or buy fresh produce?": "আপনি কি আপনার ফসল বিক্রি করতে বা তাজা পণ্য কিনতে চাইছেন?",
    "I am a Farmer": "আমি একজন কৃষক",
    "Verify your farm and sell locally": "আপনার খামার যাচাই করুন এবং স্থানীয়ভাবে বিক্রি করুন",
    "Farmer": "কৃষক",
    "I am a Customer": "আমি একজন গ্রাহক",
    "Scan quality and find local farms": "গুণমান স্ক্যান করুন এবং স্থানীয় খামার খুঁজুন",
    "Customer": "গ্রাহক",
    "Farmer Login": "কৃষক লগইন",
    "Customer Login": "গ্রাহক লগইন",
    "Enter Mobile Number": "মোবাইল নম্বর লিখুন",
    "Send OTP": "OTP পাঠান",
    "Enter OTP": "OTP লিখুন",
    "Verify & Login": "যাচাই করুন এবং লগইন করুন",
    "Farm Location & Verification": "খামারের অবস্থান ও যাচাইকরণ",
    "Sync your live GPS to connect with local buyers.": "স্থানীয় ক্রেতাদের সাথে সংযোগ করতে আপনার লাইভ GPS সিঙ্ক করুন।",
    "Fetch Live GPS Coordinates": "লাইভ জিপিএস স্থানাঙ্ক আনুন",
    "Legal Details": "আইনি বিবরণ",
    "Aadhaar Number": "আধার নম্বর",
    "Land Patta / Chitta No.": "জমি পাট্টা / খতিয়ান নং",
    "Primary Land Type": "প্রাথমিক জমির ধরন",
    "Document Uploads": "নথি আপলোড",
    "Upload Aadhaar Copy": "আধার কপি আপলোড করুন",
    "Upload Patta Document": "পাট্টা নথি আপলোড করুন",
    "Real-Time Field Photo": "রিয়েল-টাইম ফিল্ড ছবি",
    "Complete KYC & Start Selling": "KYC সম্পূর্ণ করুন এবং বিক্রি শুরু করুন",
    "Farmio Marketplace": "Farmio মার্কেটপ্লেস",
    "Scan for quality. Connect locally.": "মানের জন্য স্ক্যান করুন। স্থানীয়ভাবে সংযোগ করুন।",
    "Step 1: AI Quality Check": "ধাপ 1: AI গুণমান পরীক্ষা",
    "Scan Freshness": "তাজাতা স্ক্যান করুন",
    "Step 2: Farm Radar": "ধাপ 2: ফার্ম রাডার",
    "Scan for Local Farmers": "স্থানীয় কৃষকদের জন্য স্ক্যান করুন",
    "Farmio - Pro Farmer Verification": "Farmio - প্রো কৃষক যাচাইকরণ",
    "Farmio Onboarding": "Farmio অনবোর্ডিং",
    "Digitize your farm and connect with buyers instantly.": "আপনার খামার ডিজিটাইজ করুন এবং অবিলম্বে ক্রেতাদের সাথে সংযোগ করুন।",
    "Enter 12-digit number": "12-সংখ্যার নম্বর লিখুন",
    "Please enter exactly 12 digits": "অনুগ্রহ করে ঠিক 12টি সংখ্যা লিখুন",
    "e.g. 452/1A": "যেমন 452/1A",
    "Select your land category...": "আপনার জমির বিভাগ নির্বাচন করুন...",
    "Wetland (Nanjai - Irrigated)": "জলাভূমি (সেচপ্রাপ্ত)",
    "Dryland (Punjai - Rainfed)": "শুষ্ক ভূমি (বৃষ্টি নির্ভর)",
    "Certified Organic Farm": "প্রত্যয়িত জৈব খামার",
    "Greenhouse / Polyhouse": "গ্রিনহাউস / পলিহাউস",
    "Orchard / Plantation": "বাগান / আবাদ",
    "Clear image or PDF format": "পরিষ্কার ছবি বা পিডিএফ বিন্যাস",
    "No file chosen": "কোন ফাইল নির্বাচিত হয়নি",
    "Official land ownership proof": "অফিসিয়াল জমির মালিকানা প্রমাণ",
    "Take a picture of your farm right now": "এখনই আপনার খামারের একটি ছবি তুলুন",
    "Syncing with Satellites...": "স্যাটেলাইটের সাথে সিঙ্ক হচ্ছে...",
    "Translating GPS to Address...": "জিপিএসকে ঠিকানায় রূপান্তর করা হচ্ছে...",
    "GPS Locked Successfully": "জিপিএস সফলভাবে লক করা হয়েছে",
    "GPS Failed - Click to Retry": "জিপিএস ব্যর্থ - পুনরায় চেষ্টা করতে ক্লিক করুন",
    "Make sure you click Allow on the location popup at the top of your browser!": "আপনার ব্রাউজারের শীর্ষে লোকেশন পপআপে 'অনুমতি দিন' ক্লিক করতে ভুলবেন না!",
    "Email Address": "ইমেইল ঠিকানা",
    "Enter Email Address": "ইমেল ঠিকানা লিখুন",
    "Green Signal!": "সবুজ সংকেত!",
    "We found": "আমরা পেয়েছি",
    "farmers near you.": "আপনার কাছাকাছি কৃষক।",
    "Free delivery is active!": "ফ্রি ডেলিভারি সক্রিয়!",
    "Outside Zone.": "জোনের বাইরে।",
    "No verified farmers within 5km.": "5 কিলোমিটারের মধ্যে যাচাইকৃত কোনো কৃষক নেই।",
    "Standard delivery rates apply.": "স্ট্যান্ডার্ড ডেলিভারি রেট প্রযোজ্য।"
  },
  "gu": {
    "Select Role - FARMIO": "ભૂમિકા પસંદ કરો - FARMIO",
    "Connecting Farmers Directly to Consumers": "ખેડૂતોને સીધા ગ્રાહકો સાથે જોડવા",
    "Welcome to Farmio": "Farmio માં આપનું સ્વાગત છે",
    "Are you looking to sell your harvest or buy fresh produce?": "શું તમે તમારી લણણી વેચવા માંગો છો કે તાજી પેદાશો ખરીદવા માંગો છો?",
    "I am a Farmer": "હું એક ખેડૂત છું",
    "Verify your farm and sell locally": "તમારા ખેતરની ચકાસણી કરો અને સ્થાનિક રીતે વેચો",
    "Farmer": "ખેડૂત",
    "I am a Customer": "હું એક ગ્રાહક છું",
    "Scan quality and find local farms": "ગુણવત્તા સ્કેન કરો અને સ્થાનિક ખેતરો શોધો",
    "Customer": "ગ્રાહક",
    "Farmer Login": "ખેડૂત લૉગિન",
    "Customer Login": "ગ્રાહક લૉગિન",
    "Enter Mobile Number": "મોબાઈલ નંબર દાખલ કરો",
    "Send OTP": "OTP મોકલો",
    "Enter OTP": "OTP દાખલ કરો",
    "Verify & Login": "ચકાસો અને લૉગિન કરો",
    "Farm Location & Verification": "ખેતરનું સ્થાન અને ચકાસણી",
    "Sync your live GPS to connect with local buyers.": "સ્થાનિક ખરીદદારો સાથે જોડાવા માટે તમારા લાઇવ GPS ને સિંક કરો.",
    "Fetch Live GPS Coordinates": "લાઇવ જીપીએસ કોઓર્ડિનેટ્સ મેળવો",
    "Legal Details": "કાનૂની વિગતો",
    "Aadhaar Number": "આધાર નંબર",
    "Land Patta / Chitta No.": "જમીન પટ્ટા / ચિત્તા નં.",
    "Primary Land Type": "પ્રાથમિક જમીનનો પ્રકાર",
    "Document Uploads": "દસ્તાવેજ અપલોડ",
    "Upload Aadhaar Copy": "આધાર કોપી અપલોડ કરો",
    "Upload Patta Document": "પટ્ટા દસ્તાવેજ અપલોડ કરો",
    "Real-Time Field Photo": "રિયલ-ટાઇમ ફિલ્ડ ફોટો",
    "Complete KYC & Start Selling": "KYC પૂર્ણ કરો અને વેચાણ શરૂ કરો",
    "Farmio Marketplace": "Farmio માર્કેટપ્લેસ",
    "Scan for quality. Connect locally.": "ગુણવત્તા માટે સ્કેન કરો. સ્થાનિક રીતે કનેક્ટ થાઓ.",
    "Step 1: AI Quality Check": "પગલું 1: AI ગુણવત્તા તપાસ",
    "Scan Freshness": "તાજગી સ્કેન કરો",
    "Step 2: Farm Radar": "પગલું 2: ફાર્મ રડાર",
    "Scan for Local Farmers": "સ્થાનિક ખેડૂતો માટે સ્કેન કરો",
    "Farmio - Pro Farmer Verification": "ફાર્મિયો - પ્રો ફાર્મર ચકાસણી",
    "Farmio Onboarding": "ફાર્મિયો ઓનબોર્ડિંગ",
    "Digitize your farm and connect with buyers instantly.": "તમારા ખેતરને ડિજિટાઇઝ કરો અને ખરીદદારો સાથે તરત જ કનેક્ટ થાઓ.",
    "Enter 12-digit number": "12-અંકનો નંબર દાખલ કરો",
    "Please enter exactly 12 digits": "કૃપા કરીને બરાબર 12 અંકો દાખલ કરો",
    "e.g. 452/1A": "દા.ત. 452/1A",
    "Select your land category...": "તમારી જમીન શ્રેણી પસંદ કરો...",
    "Wetland (Nanjai - Irrigated)": "ભીની જમીન (પિયત)",
    "Dryland (Punjai - Rainfed)": "સૂકી જમીન (વરસાદ આધારિત)",
    "Certified Organic Farm": "પ્રમાણિત સજીવ ખેતર",
    "Greenhouse / Polyhouse": "ગ્રીનહાઉસ / પોલીહાઉસ",
    "Orchard / Plantation": "બગીચો / વાવેતર",
    "Clear image or PDF format": "સ્પષ્ટ છબી અથવા PDF ફોર્મેટ",
    "No file chosen": "કોઈ ફાઇલ પસંદ કરી નથી",
    "Official land ownership proof": "સત્તાવાર જમીન માલિકી પુરાવો",
    "Take a picture of your farm right now": "અત્યારે તમારા ખેતરનું ચિત્ર લો",
    "Syncing with Satellites...": "ઉપગ્રહો સાથે સમન્વયિત થઈ રહ્યું છે...",
    "Translating GPS to Address...": "જીપીએસને સરનામામાં અનુવાદિત કરી રહ્યાં છીએ...",
    "GPS Locked Successfully": "જીપીએસ સફળતાપૂર્વક લોક થઈ ગયું",
    "GPS Failed - Click to Retry": "જીપીએસ નિષ્ફળ - ફરી પ્રયાસ કરવા માટે ક્લિક કરો",
    "Make sure you click Allow on the location popup at the top of your browser!": "ખાતરી કરો કે તમે તમારા બ્રાઉઝરની ટોચ પર લોકેશન પોપઅપ પર 'મંજૂરી આપો' ક્લિક કરો છો!",
    "Email Address": "ઈમેલ સરનામું",
    "Enter Email Address": "ઈમેલ સરનામું દાખલ કરો",
    "Green Signal!": "ગ્રીન સિગ્નલ!",
    "We found": "અમને મળ્યું",
    "farmers near you.": "તમારી નજીકના ખેડૂતો.",
    "Free delivery is active!": "મફત વિતરણ સક્રિય છે!",
    "Outside Zone.": "ઝોન બહાર.",
    "No verified farmers within 5km.": "5 કિમીની અંદર કોઈ ચકાસાયેલ ખેડૂતો નથી.",
    "Standard delivery rates apply.": "માનક વિતરણ દરો લાગુ."
  },
  "pa": {
    "Select Role - FARMIO": "ਭੂਮਿਕਾ ਚੁਣੋ - FARMIO",
    "Connecting Farmers Directly to Consumers": "ਕਿਸਾਨਾਂ ਨੂੰ ਸਿੱਧਾ ਖਪਤਕਾਰਾਂ ਨਾਲ ਜੋੜਨਾ",
    "Welcome to Farmio": "Farmio ਵਿੱਚ ਤੁਹਾਡਾ ਸੁਆਗਤ ਹੈ",
    "Are you looking to sell your harvest or buy fresh produce?": "ਕੀ ਤੁਸੀਂ ਆਪਣੀ ਫਸਲ ਵੇਚਣਾ ਚਾਹੁੰਦੇ ਹੋ ਜਾਂ ਤਾਜ਼ੀ ਉਪਜ ਖਰੀਦਣਾ ਚਾਹੁੰਦੇ ਹੋ?",
    "I am a Farmer": "ਮੈਂ ਇੱਕ ਕਿਸਾਨ ਹਾਂ",
    "Verify your farm and sell locally": "ਆਪਣੇ ਖੇਤ ਦੀ ਪੁਸ਼ਟੀ ਕਰੋ ਅਤੇ ਸਥਾਨਕ ਤੌਰ 'ਤੇ ਵੇਚੋ",
    "Farmer": "ਕਿਸਾਨ",
    "I am a Customer": "ਮੈਂ ਇੱਕ ਗਾਹਕ ਹਾਂ",
    "Scan quality and find local farms": "ਗੁਣਵੱਤਾ ਨੂੰ ਸਕੈਨ ਕਰੋ ਅਤੇ ਸਥਾਨਕ ਖੇਤ ਲੱਭੋ",
    "Customer": "ਗਾਹਕ",
    "Farmer Login": "ਕਿਸਾਨ ਲਾਗਇਨ",
    "Customer Login": "ਗਾਹਕ ਲਾਗਇਨ",
    "Enter Mobile Number": "ਮੋਬਾਈਲ ਨੰਬਰ ਦਰਜ ਕਰੋ",
    "Send OTP": "OTP ਭੇਜੋ",
    "Enter OTP": "OTP ਦਰਜ ਕਰੋ",
    "Verify & Login": "ਪੁਸ਼ਟੀ ਕਰੋ ਅਤੇ ਲਾਗਇਨ ਕਰੋ",
    "Farm Location & Verification": "ਖੇਤ ਦੀ ਸਥਿਤੀ ਅਤੇ ਪੁਸ਼ਟੀਕਰਨ",
    "Sync your live GPS to connect with local buyers.": "ਸਥਾਨਕ ਖਰੀਦਦਾਰਾਂ ਨਾਲ ਜੁੜਨ ਲਈ ਆਪਣੇ ਲਾਈਵ GPS ਨੂੰ ਸਿੰਕ ਕਰੋ।",
    "Fetch Live GPS Coordinates": "ਲਾਈਵ GPS ਕੋਆਰਡੀਨੇਟਸ ਪ੍ਰਾਪਤ ਕਰੋ",
    "Legal Details": "ਕਾਨੂੰਨੀ ਵੇਰਵੇ",
    "Aadhaar Number": "ਆਧਾਰ ਨੰਬਰ",
    "Land Patta / Chitta No.": "ਜ਼ਮੀਨ ਪੱਟਾ / ਚਿੱਠਾ ਨੰ.",
    "Primary Land Type": "ਪ੍ਰਾਇਮਰੀ ਜ਼ਮੀਨ ਦੀ ਕਿਸਮ",
    "Document Uploads": "ਦਸਤਾਵੇਜ਼ ਅੱਪਲੋਡ",
    "Upload Aadhaar Copy": "ਆਧਾਰ ਕਾਪੀ ਅੱਪਲੋਡ ਕਰੋ",
    "Upload Patta Document": "ਪੱਟਾ ਦਸਤਾਵੇਜ਼ ਅੱਪਲੋਡ ਕਰੋ",
    "Real-Time Field Photo": "ਰੀਅਲ-ਟਾਈਮ ਫੀਲਡ ਫੋਟੋ",
    "Complete KYC & Start Selling": "KYC ਪੂਰਾ ਕਰੋ ਅਤੇ ਵੇਚਣਾ ਸ਼ੁਰੂ ਕਰੋ",
    "Farmio Marketplace": "Farmio ਮਾਰਕਿਟਪਲੇਸ",
    "Scan for quality. Connect locally.": "ਗੁਣਵੱਤਾ ਲਈ ਸਕੈਨ ਕਰੋ। ਸਥਾਨਕ ਤੌਰ 'ਤੇ ਜੁੜੋ।",
    "Step 1: AI Quality Check": "ਕਦਮ 1: AI ਗੁਣਵੱਤਾ ਜਾਂਚ",
    "Scan Freshness": "ਤਾਜ਼ਗੀ ਸਕੈਨ ਕਰੋ",
    "Step 2: Farm Radar": "ਕਦਮ 2: ਫਾਰਮ ਰਾਡਾਰ",
    "Scan for Local Farmers": "ਸਥਾਨਕ ਕਿਸਾਨਾਂ ਲਈ ਸਕੈਨ ਕਰੋ",
    "Farmio - Pro Farmer Verification": "Farmio - ਪ੍ਰੋ ਕਿਸਾਨ ਤਸਦੀਕ",
    "Farmio Onboarding": "Farmio ਆਨਬੋਰਡਿੰਗ",
    "Digitize your farm and connect with buyers instantly.": "ਆਪਣੇ ਖੇਤ ਨੂੰ ਡਿਜੀਟਾਈਜ਼ ਕਰੋ ਅਤੇ ਖਰੀਦਦਾਰਾਂ ਨਾਲ ਤੁਰੰਤ ਜੁੜੋ।",
    "Enter 12-digit number": "12-ਅੰਕਾਂ ਦਾ ਨੰਬਰ ਦਾਖਲ ਕਰੋ",
    "Please enter exactly 12 digits": "ਕਿਰਪਾ ਕਰਕੇ ਬਿਲਕੁਲ 12 ਅੰਕ ਦਾਖਲ ਕਰੋ",
    "e.g. 452/1A": "ਜਿਵੇਂ 452/1A",
    "Select your land category...": "ਆਪਣੀ ਜ਼ਮੀਨ ਦੀ ਸ਼੍ਰੇਣੀ ਚੁਣੋ...",
    "Wetland (Nanjai - Irrigated)": "ਗਿੱਲੀ ਜ਼ਮੀਨ (ਸਿੰਜਾਈ ਵਾਲੀ)",
    "Dryland (Punjai - Rainfed)": "ਸੁੱਕੀ ਜ਼ਮੀਨ (ਵਰਖਾ ਅਧਾਰਤ)",
    "Certified Organic Farm": "ਪ੍ਰਮਾਣਿਤ ਜੈਵਿਕ ਫਾਰਮ",
    "Greenhouse / Polyhouse": "ਗ੍ਰੀਨਹਾਉਸ / ਪੌਲੀਹਾਊਸ",
    "Orchard / Plantation": "ਬਾਗ / ਬਗੀਚਾ",
    "Clear image or PDF format": "ਸਾਫ਼ ਚਿੱਤਰ ਜਾਂ PDF ਫਾਰਮੈਟ",
    "No file chosen": "ਕੋਈ ਫਾਈਲ ਨਹੀਂ ਚੁਣੀ ਗਈ",
    "Official land ownership proof": "ਅਧਿਕਾਰਤ ਜ਼ਮੀਨ ਦੀ ਮਲਕੀਅਤ ਦਾ ਸਬੂਤ",
    "Take a picture of your farm right now": "ਹੁਣੇ ਆਪਣੇ ਫਾਰਮ ਦੀ ਇੱਕ ਤਸਵੀਰ ਲਓ",
    "Syncing with Satellites...": "ਸੈਟੇਲਾਈਟਾਂ ਨਾਲ ਸਿੰਕ ਕੀਤਾ ਜਾ ਰਿਹਾ ਹੈ...",
    "Translating GPS to Address...": "GPS ਨੂੰ ਪਤੇ ਵਿੱਚ ਬਦਲਿਆ ਜਾ ਰਿਹਾ ਹੈ...",
    "GPS Locked Successfully": "GPS ਸਫਲਤਾਪੂਰਵਕ ਲਾਕ ਹੋ ਗਿਆ",
    "GPS Failed - Click to Retry": "GPS ਅਸਫਲ - ਦੁਬਾਰਾ ਕੋਸ਼ਿਸ਼ ਕਰਨ ਲਈ ਕਲਿੱਕ ਕਰੋ",
    "Make sure you click Allow on the location popup at the top of your browser!": "ਯਕੀਨੀ ਬਣਾਓ ਕਿ ਤੁਸੀਂ ਆਪਣੇ ਬ੍ਰਾਊਜ਼ਰ ਦੇ ਸਿਖਰ 'ਤੇ ਸਥਾਨ ਪੌਪਅੱਪ 'ਤੇ ਇਜਾਜ਼ਤ ਦਿਓ 'ਤੇ ਕਲਿੱਕ ਕਰੋ!",
    "Email Address": "ਈਮੇਲ ਪਤਾ",
    "Enter Email Address": "ਈਮੇਲ ਪਤਾ ਦਾਖਲ ਕਰੋ",
    "Green Signal!": "ਗ੍ਰੀਨ ਸਿਗਨਲ!",
    "We found": "ਸਾਨੂੰ ਮਿਲੇ",
    "farmers near you.": "ਤੁਹਾਡੇ ਨੇੜੇ ਕਿਸਾਨ।",
    "Free delivery is active!": "ਮੁਫ਼ਤ ਡਿਲੀਵਰੀ ਸਰਗਰਮ ਹੈ!",
    "Outside Zone.": "ਜ਼ੋਨ ਤੋਂ ਬਾਹਰ।",
    "No verified farmers within 5km.": "5km ਦੇ ਅੰਦਰ ਕੋਈ ਪ੍ਰਮਾਣਿਤ ਕਿਸਾਨ ਨਹੀਂ ਹੈ।",
    "Standard delivery rates apply.": "ਸਟੈਂਡਰਡ ਡਿਲੀਵਰੀ ਦਰਾਂ ਲਾਗੂ ਹਨ।"
  },
  "or": {
    "Select Role - FARMIO": "ଭୂମିକା ଚୟନ କରନ୍ତୁ - FARMIO",
    "Connecting Farmers Directly to Consumers": "କୃଷକମାନଙ୍କୁ ସିଧାସଳଖ ଗ୍ରାହକମାନଙ୍କ ସହିତ ଯୋଡିବା",
    "Welcome to Farmio": "Farmio କୁ ସ୍ୱାଗତ",
    "Are you looking to sell your harvest or buy fresh produce?": "ଆପଣ ନିଜର ଅମଳ ବିକ୍ରୟ କରିବାକୁ କିମ୍ବା ସତେଜ ଉତ୍ପାଦ କିଣିବାକୁ ଚାହୁଁଛନ୍ତି କି?",
    "I am a Farmer": "ମୁଁ ଜଣେ କୃଷକ",
    "Verify your farm and sell locally": "ଆପଣଙ୍କର ଫାର୍ମ ଯାଞ୍ଚ କରନ୍ତୁ ଏବଂ ସ୍ଥାନୀୟ ଭାବରେ ବିକ୍ରୟ କରନ୍ତୁ",
    "Farmer": "କୃଷକ",
    "I am a Customer": "ମୁଁ ଜଣେ ଗ୍ରାହକ",
    "Scan quality and find local farms": "ଗୁଣବତ୍ତା ସ୍କାନ କରନ୍ତୁ ଏବଂ ସ୍ଥାନୀୟ ଫାର୍ମଗୁଡିକ ଖୋଜନ୍ତୁ",
    "Customer": "ଗ୍ରାହକ",
    "Farmer Login": "କୃଷକ ଲଗଇନ୍",
    "Customer Login": "ଗ୍ରାହକ ଲଗଇନ୍",
    "Enter Mobile Number": "ମୋବାଇଲ୍ ନମ୍ବର ପ୍ରବେଶ କରନ୍ତୁ",
    "Send OTP": "OTP ପଠାନ୍ତୁ",
    "Enter OTP": "OTP ପ୍ରବେଶ କରନ୍ତୁ",
    "Verify & Login": "ଯାଞ୍ଚ କରନ୍ତୁ ଏବଂ ଲଗଇନ୍ କରନ୍ତୁ",
    "Farm Location & Verification": "ଫାର୍ମ ସ୍ଥାନ ଏବଂ ଯାଞ୍ଚ",
    "Sync your live GPS to connect with local buyers.": "ସ୍ଥାନୀୟ କ୍ରେତାଙ୍କ ସହିତ ସଂଯୋଗ କରିବାକୁ ଆପଣଙ୍କର ଲାଇଭ୍ GPS ସିଙ୍କ୍ କରନ୍ତୁ।",
    "Fetch Live GPS Coordinates": "ଲାଇଭ୍ ଜିପିଏସ୍ ସ୍ଥାନାଙ୍କ ଆଣନ୍ତୁ",
    "Legal Details": "ଆଇନଗତ ବିବରଣୀ",
    "Aadhaar Number": "ଆଧାର ନମ୍ବର",
    "Land Patta / Chitta No.": "ଜମି ପଟ୍ଟା / ଚିଟ୍ଟା ନମ୍ବର",
    "Primary Land Type": "ପ୍ରାଥମିକ ଜମି ପ୍ରକାର",
    "Document Uploads": "ଡକ୍ୟୁମେଣ୍ଟ୍ ଅପଲୋଡ୍",
    "Upload Aadhaar Copy": "ଆଧାର କପି ଅପଲୋଡ୍ କରନ୍ତୁ",
    "Upload Patta Document": "ପଟ୍ଟା ଡକ୍ୟୁମେଣ୍ଟ୍ ଅପଲୋଡ୍ କରନ୍ତୁ",
    "Real-Time Field Photo": "ରିଅଲ୍-ଟାଇମ୍ ଫିଲ୍ଡ ଫଟୋ",
    "Complete KYC & Start Selling": "KYC ସମ୍ପୂର୍ଣ୍ଣ କରନ୍ତୁ ଏବଂ ବିକ୍ରୟ ଆରମ୍ଭ କରନ୍ତୁ",
    "Farmio Marketplace": "ଫାର୍ମିଓ ମାର୍କେଟପ୍ଲେସ୍",
    "Scan for quality. Connect locally.": "ଗୁଣବତ୍ତା ପାଇଁ ସ୍କାନ୍ କରନ୍ତୁ। ସ୍ଥାନୀୟ ଭାବରେ ସଂଯୋଗ କରନ୍ତୁ।",
    "Step 1: AI Quality Check": "ପଦକ୍ଷେପ 1: AI ଗୁଣବତ୍ତା ଯାଞ୍ଚ",
    "Scan Freshness": "ସତେଜତା ସ୍କାନ୍ କରନ୍ତୁ",
    "Step 2: Farm Radar": "ପଦକ୍ଷେପ 2: ଫାର୍ମ ରାଡାର୍",
    "Scan for Local Farmers": "ସ୍ଥାନୀୟ କୃଷକମାନଙ୍କ ପାଇଁ ସ୍କାନ୍ କରନ୍ତୁ",
    "Farmio - Pro Farmer Verification": "ଫାର୍ମିଓ - ପ୍ରୋ କୃଷକ ଯାଞ୍ଚ",
    "Farmio Onboarding": "ଫାର୍ମିଓ ଅନବୋର୍ଡିଂ",
    "Digitize your farm and connect with buyers instantly.": "ଆପଣଙ୍କର ଫାର୍ମକୁ ଡିଜିଟାଇଜ୍ କରନ୍ତୁ ଏବଂ ତୁରନ୍ତ କ୍ରେତାଙ୍କ ସହିତ ସଂଯୋଗ କରନ୍ତୁ।",
    "Enter 12-digit number": "12-ଅଙ୍କ ବିଶିଷ୍ଟ ନମ୍ବର ଦିଅନ୍ତୁ",
    "Please enter exactly 12 digits": "ଦୟାକରି ଠିକ୍ 12 ଟି ଅଙ୍କ ଦିଅନ୍ତୁ",
    "e.g. 452/1A": "ଉଦାହରଣ. 452/1A",
    "Select your land category...": "ଆପଣଙ୍କର ଜମି ବର୍ଗ ବାଛନ୍ତୁ...",
    "Wetland (Nanjai - Irrigated)": "ଆର୍ଦ୍ରଭୂମି (ଜଳସେଚିତ)",
    "Dryland (Punjai - Rainfed)": "ଶୁଷ୍କ ଜମି (ବର୍ଷା ଆଧାରିତ)",
    "Certified Organic Farm": "ପ୍ରମାଣିତ ଜୈବିକ ଫାର୍ମ",
    "Greenhouse / Polyhouse": "ଗ୍ରୀନ୍ ହାଉସ୍ / ପଲିହାଉସ୍",
    "Orchard / Plantation": "ଫଳବଗିଚା / ବୃକ୍ଷରୋପଣ",
    "Clear image or PDF format": "ସ୍ପଷ୍ଟ ପ୍ରତିଛବି କିମ୍ବା ପିଡିଏଫ୍ ଫର୍ମାଟ୍",
    "No file chosen": "କୌଣସି ଫାଇଲ୍ ବଛାଯାଇନାହିଁ",
    "Official land ownership proof": "ଅଫିସିଆଲ୍ ଜମି ମାଲିକାନା ପ୍ରମାଣ",
    "Take a picture of your farm right now": "ବର୍ତ୍ତମାନ ଆପଣଙ୍କର ଫାର୍ମର ଏକ ଚିତ୍ର ନିଅନ୍ତୁ",
    "Syncing with Satellites...": "ଉପଗ୍ରହ ସହିତ ସିଙ୍କ୍ ହେଉଛି...",
    "Translating GPS to Address...": "GPS କୁ ଠିକଣାକୁ ଅନୁବାଦ କରାଯାଉଛି...",
    "GPS Locked Successfully": "ଜିପିଏସ୍ ସଫଳତାର ସହିତ ଲକ୍ ହୋଇଛି",
    "GPS Failed - Click to Retry": "GPS ବିଫଳ ହୋଇଛି - ପୁନର୍ବାର ଚେଷ୍ଟା କରିବାକୁ କ୍ଲିକ୍ କରନ୍ତୁ",
    "Make sure you click Allow on the location popup at the top of your browser!": "ନିଶ୍ଚିତ କରନ୍ତୁ ଯେ ଆପଣ ଆପଣଙ୍କର ବ୍ରାଉଜର୍ ଶୀର୍ଷରେ ଥିବା ସ୍ଥାନ ପପଅପ୍ ରେ 'ଅନୁମତି ଦିଅନ୍ତୁ' ରେ କ୍ଲିକ୍ କରନ୍ତୁ!",
    "Email Address": "ଇମେଲ୍ ଠିକଣା",
    "Enter Email Address": "ଇମେଲ୍ ଠିକଣା ଦିଅନ୍ତୁ",
    "Green Signal!": "ସବୁଜ ସଙ୍କେତ!",
    "We found": "ଆମେ ପାଇଲୁ",
    "farmers near you.": "ଆପଣଙ୍କ ନିକଟରେ କୃଷକ।",
    "Free delivery is active!": "ମାଗଣା ବିତରଣ ସକ୍ରିୟ ଅଛି!",
    "Outside Zone.": "ଜୋନ୍ ବାହାରେ।",
    "No verified farmers within 5km.": "5 କିମି ମଧ୍ୟରେ କୌଣସି ଯାଞ୍ଚ ହୋଇଥିବା କୃଷକ ନାହାଁନ୍ତି।",
    "Standard delivery rates apply.": "ମାନକ ବିତରଣ ହାର ଲାଗୁ ହୁଏ।"
  },
  "as": {
    "Select Role - FARMIO": "ভূমিকা বাছক - FARMIO",
    "Connecting Farmers Directly to Consumers": "কৃষকসকলক পোনে পোনে গ্ৰাহকৰ সৈতে সংযোগ কৰা",
    "Welcome to Farmio": "Farmio লৈ স্বাগতম",
    "Are you looking to sell your harvest or buy fresh produce?": "আপুনি আপোনাৰ ফচল বিক্ৰী কৰিব বিচাৰিছে নে সতেজ সামগ্ৰী কিনিব বিচাৰিছে?",
    "I am a Farmer": "মই এজন কৃষক",
    "Verify your farm and sell locally": "আপোনাৰ ফাৰ্ম প্ৰমাণিত কৰক আৰু স্থানীয়ভাৱে বিক্ৰী কৰক",
    "Farmer": "কৃষক",
    "I am a Customer": "মই এজন গ্ৰাহক",
    "Scan quality and find local farms": "গুণাগুণ স্কেন কৰক আৰু স্থানীয় ফাৰ্ম বিচাৰক",
    "Customer": "গ্ৰাহক",
    "Farmer Login": "কৃষক লগইন",
    "Customer Login": "গ্ৰাহক লগইন",
    "Enter Mobile Number": "ম'বাইল নম্বৰ দিয়ক",
    "Send OTP": "OTP পঠিয়াওক",
    "Enter OTP": "OTP দিয়ক",
    "Verify & Login": "প্ৰমাণিত কৰক আৰু লগইন কৰক",
    "Farm Location & Verification": "ফাৰ্মৰ অৱস্থান আৰু প্ৰমাণীকৰণ",
    "Sync your live GPS to connect with local buyers.": "স্থানীয় ক্ৰেতাৰ সৈতে সংযোগ কৰিবলৈ আপোনাৰ লাইভ GPS ছিংক কৰক।",
    "Fetch Live GPS Coordinates": "লাইভ জিপিএছ স্থানাংক আনক",
    "Legal Details": "আইনী বিৱৰণ",
    "Aadhaar Number": "আধাৰ নম্বৰ",
    "Land Patta / Chitta No.": "মাটিৰ পাট্টা / চিট্টা নং",
    "Primary Land Type": "প্ৰাথমিক ভূমিৰ প্ৰকাৰ",
    "Document Uploads": "নথি আপলোড",
    "Upload Aadhaar Copy": "আধাৰ কপি আপলোড কৰক",
    "Upload Patta Document": "পাট্টা নথি আপলোড কৰক",
    "Real-Time Field Photo": "ৰিয়েল-টাইম ফিল্ড ফটো",
    "Complete KYC & Start Selling": "KYC সম্পূৰ্ণ কৰক আৰু বিক্ৰী আৰম্ভ কৰক",
    "Farmio Marketplace": "Farmio মাৰ্কেটপ্লেচ",
    "Scan for quality. Connect locally.": "গুণমানৰ বাবে স্কেন কৰক। স্থানীয়ভাৱে সংযোগ কৰক।",
    "Step 1: AI Quality Check": "পদক্ষেপ 1: AI গুণমান পৰীক্ষা",
    "Scan Freshness": "সতেজতা স্কেন কৰক",
    "Step 2: Farm Radar": "পদক্ষেপ 2: ফাৰ্ম ৰাডাৰ",
    "Scan for Local Farmers": "স্থানীয় কৃষকৰ বাবে স্কেন কৰক",
    "Farmio - Pro Farmer Verification": "Farmio - প্ৰ' কৃষক প্ৰমাণীকৰণ",
    "Farmio Onboarding": "Farmio অনবৰ্ডিং",
    "Digitize your farm and connect with buyers instantly.": "আপোনাৰ ফাৰ্ম ডিজিটাইজ কৰক আৰু ক্ৰেতাৰ সৈতে লগে লগে সংযোগ কৰক।",
    "Enter 12-digit number": "12-অংকৰ নম্বৰ প্ৰৱেশ কৰক",
    "Please enter exactly 12 digits": "অনুগ্ৰহ কৰি ঠিক 12 টা অংক প্ৰৱেশ কৰক",
    "e.g. 452/1A": "যেনে 452/1A",
    "Select your land category...": "আপোনাৰ ভূমিৰ শ্ৰেণী বাছক...",
    "Wetland (Nanjai - Irrigated)": "আদ্ৰভূমি (জলসিঞ্চিত)",
    "Dryland (Punjai - Rainfed)": "শুকান ভূমি (বৰষুণৰ ওপৰত নিৰ্ভৰশীল)",
    "Certified Organic Farm": "প্ৰমাণিত জৈৱিক ফাৰ্ম",
    "Greenhouse / Polyhouse": "গ্ৰীণহাউচ / পলিহাউচ",
    "Orchard / Plantation": "বাগিচা / খেতি",
    "Clear image or PDF format": "পৰিষ্কাৰ ছবি বা পিডিএফ ফৰ্মেট",
    "No file chosen": "কোনো ফাইল বাছনি কৰা নাই",
    "Official land ownership proof": "চৰকাৰী ভূমি মালিকানাৰ প্ৰমাণ",
    "Take a picture of your farm right now": "এতিয়াই আপোনাৰ ফাৰ্মৰ এখন ছবি তোলক",
    "Syncing with Satellites...": "চেটেলাইটৰ সৈতে চিঙ্ক কৰা হৈছে...",
    "Translating GPS to Address...": "জিপিএছক ঠিকনালৈ অনুবাদ কৰা হৈছে...",
    "GPS Locked Successfully": "GPS সফলতাৰে তলা লগোৱা হ'ল",
    "GPS Failed - Click to Retry": "GPS বিফল - পুনৰ চেষ্টা কৰিবলৈ ক্লিক কৰক",
    "Make sure you click Allow on the location popup at the top of your browser!": "আপোনাৰ ব্ৰাউজাৰৰ শীৰ্ষত থকা অৱস্থান পপআপত Allow ক্লিক কৰাটো নিশ্চিত কৰক!",
    "Email Address": "ইমেইল ঠিকনা",
    "Enter Email Address": "ইমেইল ঠিকনা প্ৰৱেশ কৰক",
    "Green Signal!": "সেউজীয়া সংকেত!",
    "We found": "আমি পালোঁ",
    "farmers near you.": "আপোনাৰ ওচৰৰ কৃষক।",
    "Free delivery is active!": "বিনামূলীয়া ডেলিভাৰী সক্ৰিয় হৈ আছে!",
    "Outside Zone.": "জ’নৰ বাহিৰত।",
    "No verified farmers within 5km.": "5 কিলোমিটাৰৰ ভিতৰত কোনো প্ৰমাণিত কৃষক নাই।",
    "Standard delivery rates apply.": "ষ্টেণ্ডাৰ্ড ডেলিভাৰী হাৰ প্ৰযোজ্য।"
  },
  "bho": {
    "Select Role - FARMIO": "भूमिका चुनीं - FARMIO",
    "Connecting Farmers Directly to Consumers": "किसानन के सीधा उपभोक्ता से जोड़ल",
    "Welcome to Farmio": "Farmio में रउआ सब के स्वागत बा",
    "Are you looking to sell your harvest or buy fresh produce?": "का रउआ आपन फसल बेचल चाहत बानी भा ताजा उपज खरीदल चाहत बानी?",
    "I am a Farmer": "हम किसान बानी",
    "Verify your farm and sell locally": "आपन खेत के सत्यापन करीं आ स्थानीय स्तर पर बेचीं",
    "Farmer": "किसान",
    "I am a Customer": "हम ग्राहक बानी",
    "Scan quality and find local farms": "गुणवत्ता स्कैन करीं आ स्थानीय खेत खोजीं",
    "Customer": "ग्राहक",
    "Farmer Login": "किसान लॉगिन",
    "Customer Login": "ग्राहक लॉगिन",
    "Enter Mobile Number": "मोबाइल नंबर डालीं",
    "Send OTP": "OTP भेजीं",
    "Enter OTP": "OTP डालीं",
    "Verify & Login": "सत्यापन करीं अउर लॉगिन करीं",
    "Farm Location & Verification": "खेत के स्थान आ सत्यापन",
    "Sync your live GPS to connect with local buyers.": "स्थानीय खरीदारन से जुड़े खातिर आपन लाइव जीपीएस सिंक करीं।",
    "Fetch Live GPS Coordinates": "लाइव जीपीएस निर्देशांक प्राप्त करीं",
    "Legal Details": "कानूनी विवरण",
    "Aadhaar Number": "आधार नंबर",
    "Land Patta / Chitta No.": "जमीन पट्टा / चिट्टा नं.",
    "Primary Land Type": "प्राथमिक जमीन के प्रकार",
    "Document Uploads": "दस्तावेज अपलोड",
    "Upload Aadhaar Copy": "आधार कॉपी अपलोड करीं",
    "Upload Patta Document": "पट्टा दस्तावेज अपलोड करीं",
    "Real-Time Field Photo": "रियल-टाइम फील्ड फोटो",
    "Complete KYC & Start Selling": "KYC पूरा करीं आ बेचल शुरू करीं",
    "Farmio Marketplace": "Farmio मार्केटप्लेस",
    "Scan for quality. Connect locally.": "गुणवत्ता खातिर स्कैन करीं। स्थानीय स्तर पर जुड़ीं।",
    "Step 1: AI Quality Check": "कदम 1: AI गुणवत्ता जांच",
    "Scan Freshness": "ताजगी स्कैन करीं",
    "Step 2: Farm Radar": "कदम 2: फार्म रडार",
    "Scan for Local Farmers": "स्थानीय किसानन खातिर स्कैन करीं",
    "Farmio - Pro Farmer Verification": "Farmio - प्रो किसान सत्यापन",
    "Farmio Onboarding": "Farmio ऑनबोर्डिंग",
    "Digitize your farm and connect with buyers instantly.": "आपन खेत के डिजिटाइज करीं आ खरीदारन से तुरंत जुड़ीं।",
    "Enter 12-digit number": "12 अंक के नंबर डालीं",
    "Please enter exactly 12 digits": "कृपया ठीक 12 अंक डालीं",
    "e.g. 452/1A": "उदा. 452/1A",
    "Select your land category...": "आपन जमीन श्रेणी चुनीं...",
    "Wetland (Nanjai - Irrigated)": "आर्द्रभूमि (सिंचित)",
    "Dryland (Punjai - Rainfed)": "सूखा जमीन (बरसात आधारित)",
    "Certified Organic Farm": "प्रमाणित जैविक खेत",
    "Greenhouse / Polyhouse": "ग्रीनहाउस / पॉलीहाउस",
    "Orchard / Plantation": "बाग / बगीचा",
    "Clear image or PDF format": "साफ फोटो या पीडीएफ प्रारूप",
    "No file chosen": "कौनो फाइल ना चुनल गइल",
    "Official land ownership proof": "आधिकारिक जमीन मालिकाना सुबूत",
    "Take a picture of your farm right now": "एह घरी आपन खेत के तस्वीर लीं",
    "Syncing with Satellites...": "उपग्रह के साथ सिंक हो रहल बा...",
    "Translating GPS to Address...": "GPS के पता में बदलल जा रहल बा...",
    "GPS Locked Successfully": "GPS सफलतापूर्वक लॉक हो गइल",
    "GPS Failed - Click to Retry": "GPS फेल हो गइल - फेर से कोशिश करे खातिर क्लिक करीं",
    "Make sure you click Allow on the location popup at the top of your browser!": "सुनिश्चित करीं कि रउआ अपना ब्राउज़र के ऊपर लोकेशन पॉपअप पर 'अनुमति दीं' पर क्लिक करीं!",
    "Email Address": "ईमेल पता",
    "Enter Email Address": "ईमेल पता डालीं",
    "Green Signal!": "हरियर सिग्नल!",
    "We found": "हमनी के मिलल बा",
    "farmers near you.": "रउआ आस-पास के किसान।",
    "Free delivery is active!": "मुफ्त डिलीवरी चालू बा!",
    "Outside Zone.": "जोन के बाहर।",
    "No verified farmers within 5km.": "5 किमी के भीतर कौनो सत्यापित किसान नईखे।",
    "Standard delivery rates apply.": "मानक डिलीवरी दर लागू होई।"
  },
  "ur": {
    "Select Role - FARMIO": "کردار منتخب کریں - FARMIO",
    "Connecting Farmers Directly to Consumers": "کسانوں کو براہ راست صارفین سے جوڑنا",
    "Welcome to Farmio": "Farmio میں خوش آمدید",
    "Are you looking to sell your harvest or buy fresh produce?": "کیا آپ اپنی فصل بیچنا چاہتے ہیں یا تازہ پیداوار خریدنا چاہتے ہیں؟",
    "I am a Farmer": "میں ایک کسان ہوں",
    "Verify your farm and sell locally": "اپنے فارم کی تصدیق کریں اور مقامی طور پر فروخت کریں",
    "Farmer": "کسان",
    "I am a Customer": "میں ایک گاہک ہوں",
    "Scan quality and find local farms": "معیار اسکین کریں اور مقامی فارم تلاش کریں",
    "Customer": "گاہک",
    "Farmer Login": "کسان لاگ ان",
    "Customer Login": "گاہک لاگ ان",
    "Enter Mobile Number": "موبائل نمبر درج کریں",
    "Send OTP": "OTP بھیجیں",
    "Enter OTP": "OTP درج کریں",
    "Verify & Login": "تصدیق کریں اور لاگ ان کریں",
    "Farm Location & Verification": "فارم کا مقام اور تصدیق",
    "Sync your live GPS to connect with local buyers.": "مقامی خریداروں سے جڑنے کے لیے اپنے لائیو GPS کو سنک کریں۔",
    "Fetch Live GPS Coordinates": "لائیو GPS کوآرڈینیٹس حاصل کریں",
    "Legal Details": "قانونی تفصیلات",
    "Aadhaar Number": "آدھار نمبر",
    "Land Patta / Chitta No.": "زمین کا پٹہ / چٹا نمبر",
    "Primary Land Type": "بنیادی زمین کی قسم",
    "Document Uploads": "دستاویز اپ لوڈز",
    "Upload Aadhaar Copy": "آدھار کاپی اپ لوڈ کریں",
    "Upload Patta Document": "پٹہ دستاویز اپ لوڈ کریں",
    "Real-Time Field Photo": "ریئل ٹائم فیلڈ فوٹو",
    "Complete KYC & Start Selling": "KYC مکمل کریں اور بیچنا شروع کریں",
    "Farmio Marketplace": "فارمیو مارکیٹ پلیس",
    "Scan for quality. Connect locally.": "معیار کے لیے اسکین کریں۔ مقامی طور پر جڑیں۔",
    "Step 1: AI Quality Check": "مرحلہ 1: AI کوالٹی چیک",
    "Scan Freshness": "تازگی اسکین کریں",
    "Step 2: Farm Radar": "مرحلہ 2: فارم ریڈار",
    "Scan for Local Farmers": "مقامی کسانوں کے لیے اسکین کریں",
    "Farmio - Pro Farmer Verification": "فارمیو - پرو کسان کی تصدیق",
    "Farmio Onboarding": "فارمیو آن بورڈنگ",
    "Digitize your farm and connect with buyers instantly.": "اپنے فارم کو ڈیجیٹائز کریں اور خریداروں سے فوری جڑیں۔",
    "Enter 12-digit number": "12 ہندسوں کا نمبر درج کریں",
    "Please enter exactly 12 digits": "براہ کرم بالکل 12 ہندسے درج کریں",
    "e.g. 452/1A": "جیسے 452/1A",
    "Select your land category...": "اپنی زمین کے زمرے کا انتخاب کریں...",
    "Wetland (Nanjai - Irrigated)": "گیلی زمین (سیراب)",
    "Dryland (Punjai - Rainfed)": "خشک زمین (بارانی)",
    "Certified Organic Farm": "تصدیق شدہ نامیاتی فارم",
    "Greenhouse / Polyhouse": "گرین ہاؤس / پولی ہاؤس",
    "Orchard / Plantation": "باغ / شجر کاری",
    "Clear image or PDF format": "واضح تصویر یا پی ڈی ایف فارمیٹ",
    "No file chosen": "کوئی فائل منتخب نہیں کی گئی",
    "Official land ownership proof": "سرکاری زمین کی ملکیت کا ثبوت",
    "Take a picture of your farm right now": "ابھی اپنے فارم کی تصویر لیں",
    "Syncing with Satellites...": "سیٹلائٹس کے ساتھ سنک ہو رہا ہے...",
    "Translating GPS to Address...": "GPS کا پتے میں ترجمہ کر رہا ہے...",
    "GPS Locked Successfully": "جی پی ایس کامیابی کے ساتھ مقفل ہو گیا",
    "GPS Failed - Click to Retry": "GPS ناکام - دوبارہ کوشش کرنے کے لیے کلک کریں",
    "Make sure you click Allow on the location popup at the top of your browser!": "یقینی بنائیں کہ آپ اپنے براؤزر کے اوپری حصے میں لوکیشن پاپ اپ پر 'اجازت دیں' پر کلک کریں!",
    "Email Address": "ای میل ایڈریس",
    "Enter Email Address": "ای میل ایڈریس درج کریں",
    "Green Signal!": "گرین سگنل!",
    "We found": "ہمیں ملے",
    "farmers near you.": "آپ کے قریب کسان۔",
    "Free delivery is active!": "مفت ترسیل فعال ہے!",
    "Outside Zone.": "زون سے باہر۔",
    "No verified farmers within 5km.": "5 کلومیٹر کے اندر کوئی تصدیق شدہ کسان نہیں۔",
    "Standard delivery rates apply.": "معیاری ترسیل کے نرخ لاگو ہوتے ہیں۔"
  }
}